Final Test F1 Score,epoch,step,test_loss
0.9837814569473267,0,0,0.056132715195417404
