Final F1 Score,epoch,step,test_loss
0.9905492067337036,0,0,0.029330475255846977
