Final F1 Score,epoch,step,test_loss
0.9930508136749268,0,0,0.021635470911860466
